Deputado;perfil;link
abílio santana;@AbilioSantana_;https://twitter.com/AbilioSantana_
acácio favacho;@AcacioFavacho;https://twitter.com/AcacioFavacho
adolfo viana;@AdolfoViana_;https://twitter.com/AdolfoViana_
adriana ventura;@adrianasounovo;https://twitter.com/adrianasounovo
adriano do baldy;@adrianodobaldy;https://twitter.com/adrianodobaldy
afonso florence;@AfonsoFlorence;https://twitter.com/AfonsoFlorence
afonso hamm;@DepAfonsoHamm;https://twitter.com/DepAfonsoHamm
afonso motta;@afonso_motta;https://twitter.com/afonso_motta
aguinaldo ribeiro;@depaguinaldo11;https://twitter.com/depaguinaldo11
airton faleiro;@FaleiroAirton;https://twitter.com/FaleiroAirton
alê silva;@oficialalesilva;https://twitter.com/oficialalesilva
alan rick;@Alan_Rick;https://twitter.com/Alan_Rick
alceu moreira;@Alceu_Moreira;https://twitter.com/Alceu_Moreira
alencar santana braga;@AlencarBraga13;https://twitter.com/AlencarBraga13
alessandro molon;@alessandromolon;https://twitter.com/alessandromolon
alex manente;@AlexManentePPS;https://twitter.com/AlexManentePPS
alexandre frota;@alefrotabrasil;https://twitter.com/alefrotabrasil
alexandre leite;@lexandreleite;https://twitter.com/lexandreleite
alexandre padilha;@padilhando;https://twitter.com/padilhando
alexandre serfiotis;@AleSerfiotis;https://twitter.com/AleSerfiotis
alexis fonteyne;@AlexisFonteyne;https://twitter.com/AlexisFonteyne
alice portugal;@Alice_Portugal;https://twitter.com/Alice_Portugal
aliel machado;@alielmachado;https://twitter.com/alielmachado
aline gurgel;@dep_alinegurgel;https://twitter.com/dep_alinegurgel
aline sleutjes;@AlineSleutjes;https://twitter.com/AlineSleutjes
altineu côrtes;@Altineu;https://twitter.com/Altineu
aluisio mendes;@AluisioMendesMA;https://twitter.com/AluisioMendesMA
amaro neto;@amaronetotv;https://twitter.com/amaronetotv
andré figueiredo;@andrepdt12;https://twitter.com/andrepdt12
andré fufuca;@DepAndreFufuca;https://twitter.com/DepAndreFufuca
andré janones;@AndreJanonesAdv;https://twitter.com/AndreJanonesAdv
angela amin;@DeputadaAngela;https://twitter.com/DeputadaAngela
arnaldo jardim;@ArnaldoJardim;https://twitter.com/ArnaldoJardim
aroldo martins;@aroldomartins;https://twitter.com/aroldomartins
arthur lira;@ArthurLira_;https://twitter.com/ArthurLira_
arthur oliveira maia;@DepArthurMaia;https://twitter.com/DepArthurMaia
assis carvalho;@assis_carvalho;https://twitter.com/assis_carvalho
átila lira;@deputadoatila;https://twitter.com/deputadoatila
augusto coutinho;@dep_acoutinho;https://twitter.com/dep_acoutinho
áurea carolina;@aureacarolinax;https://twitter.com/aureacarolinax
aureo ribeiro;@AureoRibeiroRJ;https://twitter.com/AureoRibeiroRJ
bacelar;@DeputadoBacelar;https://twitter.com/DeputadoBacelar
baleia rossi;@Baleia_Rossi;https://twitter.com/Baleia_Rossi
benedita da silva;@dasilvabenedita;https://twitter.com/dasilvabenedita
benes leocádio;@benesleocadiorn;https://twitter.com/benesleocadiorn
beto faro;@BetoFaroPT;https://twitter.com/BetoFaroPT
beto pereira;@betopereirams;https://twitter.com/betopereirams
beto rosado;@BetoRosado;https://twitter.com/BetoRosado
bia cavassa;@BiaCavassa;https://twitter.com/BiaCavassa
bia kicis;@Biakicis;https://twitter.com/Biakicis
bibo nunes;@bibonunes1;https://twitter.com/bibonunes1
bilac pinto;@depbilacpinto;https://twitter.com/depbilacpinto
bira do pindaré;@BiradoPindare;https://twitter.com/BiradoPindare
boca aberta;@BocaAbertaOf;https://twitter.com/BocaAbertaOf
bohn gass;@BohnGass;https://twitter.com/BohnGass
bosco costa;@BoscoCosta_SE;https://twitter.com/BoscoCosta_SE
bosco saraiva;@boscosaraiva;https://twitter.com/boscosaraiva
bruna furlan;@DepBrunaFurlan;https://twitter.com/DepBrunaFurlan
cássio andrade;@Cassio_4011;https://twitter.com/Cassio_4011
célio moura;@CelioMouraTO;https://twitter.com/CelioMouraTO
célio silveira;@csilveira4599;https://twitter.com/csilveira4599
célio studart;@CelioStudart;https://twitter.com/CelioStudart
junio amaral;@cabojunioamaral;https://twitter.com/cabojunioamaral
cacá leão;@CacaLeao;https://twitter.com/CacaLeao
camilo capiberibe;@CamiloPSB;https://twitter.com/CamiloPSB
capitão alberto neto;@capalbertoneto;https://twitter.com/capalbertoneto
capitão augusto;@capitao_augusto;https://twitter.com/capitao_augusto
capitão wagner;@capitao_wagner;https://twitter.com/capitao_wagner
carla zambelli;@CarlaZambelli17;https://twitter.com/CarlaZambelli17
carlos chiodini;@carloschiodini;https://twitter.com/carloschiodini
carlos henrique gaguim;@Carlos_Gaguim;https://twitter.com/Carlos_Gaguim
carlos gomes;@carlosgomesdep;https://twitter.com/carlosgomesdep
carlos jordy;@carlosjordy;https://twitter.com/carlosjordy
carlos sampaio;@carlossampaio_;https://twitter.com/carlossampaio_
carlos veras;@carlosveraspt;https://twitter.com/carlosveraspt
carlos zarattini;@CarlosZarattini;https://twitter.com/CarlosZarattini
carmen zanotto;@carmenzanotto;https://twitter.com/carmenzanotto
caroline de toni;@CarolDeToni;https://twitter.com/CarolDeToni
celina leão;@celinaleao;https://twitter.com/celinaleao
celso maldaner;@maldaner_celso;https://twitter.com/maldaner_celso
celso russomanno;@celsorussomanno;https://twitter.com/celsorussomanno
celso sabino;@depcelsosabino;https://twitter.com/depcelsosabino
cezinha de madureira;@Czmadureira;https://twitter.com/Czmadureira
charles fernandes;@Charles_Federal;https://twitter.com/Charles_Federal
charlles evangelista;@charllesevg;https://twitter.com/charllesevg
chico d'angelo;@chico_dangelo;https://twitter.com/chico_dangelo
chiquinho brazão;@BrazaoChiquinho;https://twitter.com/BrazaoChiquinho
chris tonietto;@ToniettoChris;https://twitter.com/ToniettoChris
christiane de souza yared;@ChristianeYared;https://twitter.com/ChristianeYared
christino aureo;@christinoaureo;https://twitter.com/christinoaureo
claudio cajado;@deputadocajado;https://twitter.com/deputadocajado
clarissa garotinho;@dep_clarissa;https://twitter.com/dep_clarissa
cleber verde;@CleberVerde10;https://twitter.com/CleberVerde10
coronel armando;@dep_cel_armando;https://twitter.com/dep_cel_armando
coronel tadeu;@CoronelTadeu;https://twitter.com/CoronelTadeu
da vitoria;@josiasdavitoria;https://twitter.com/josiasdavitoria
dagoberto nogueira;@dagobertopdt;https://twitter.com/dagobertopdt
daniel almeida;@Daniel_PCdoB;https://twitter.com/Daniel_PCdoB
daniel coelho;@DanielCoelho23;https://twitter.com/DanielCoelho23
daniel freitas;@DFDanielFreitas;https://twitter.com/DFDanielFreitas
daniel silveira;@DanielPMERJ;https://twitter.com/DanielPMERJ
daniel trzeciak;@TrzeciakDaniel;https://twitter.com/TrzeciakDaniel
daniela do waguinho;@DanielaWaguinho;https://twitter.com/DanielaWaguinho
danilo cabral;@danilo4010;https://twitter.com/danilo4010
darcísio perondi;@darcisioperondi;https://twitter.com/darcisioperondi
darci de matos;@depdarcidematos;https://twitter.com/depdarcidematos
david miranda;@davidmirandario;https://twitter.com/davidmirandario
delegado éder mauro;@EderMauroPA;https://twitter.com/EderMauroPA
delegado antônio furtado;@DelegadoFurtado;https://twitter.com/DelegadoFurtado
delegado marcelo freitas;@DelegadoFreitas;https://twitter.com/DelegadoFreitas
delegado pablo;@DelegadoPablo_;https://twitter.com/DelegadoPablo_
delegado waldir;@delegado_waldir;https://twitter.com/delegado_waldir
denis bezerra;@denisbezerra;https://twitter.com/denisbezerra
diego garcia;@diegogarciapr;https://twitter.com/diegogarciapr
dimas fabiano;@depdimasfabiano;https://twitter.com/depdimasfabiano
domingos neto;@Domingos_Neto;https://twitter.com/Domingos_Neto
domingos sávio;@DomingosSavioMG;https://twitter.com/DomingosSavioMG
damião feliciano;@Drdamiaof;https://twitter.com/Drdamiaof
dr. Frederico;@DrFredericoMG;https://twitter.com/DrFredericoMG
dr. leonardo;@DrLeonardomt;https://twitter.com/DrLeonardomt
mauro nazif;@drmauronazif;https://twitter.com/drmauronazif
dra. soraya manato;@DraManato;https://twitter.com/DraManato
dulce miranda;@dulcemiranda_to;https://twitter.com/dulcemiranda_to
edilázio júnior;@EdilazioJunior_;https://twitter.com/EdilazioJunior_
edio lopes;@ediolopes;https://twitter.com/ediolopes
edmilson rodrigues;@EdmilsonPSOL;https://twitter.com/EdmilsonPSOL
eduardo barbosa;@eduardobarbosa_;https://twitter.com/eduardobarbosa_
eduardo bismarck;@eduardobismarck;https://twitter.com/eduardobismarck
eduardo bolsonaro;@BolsonaroSP;https://twitter.com/BolsonaroSP
eduardo costa;@eduardocosta14;https://twitter.com/eduardocosta14
eduardo cury;@Eduardo_Cury;https://twitter.com/Eduardo_Cury
eduardo da fonte;@eduardodafonte;https://twitter.com/eduardodafonte
eduardo braide;@EduardoBraide;https://twitter.com/EduardoBraide
efraim filho;@efraimfilho;https://twitter.com/efraimfilho
elcione barbalho;@elcionepmdb;https://twitter.com/elcionepmdb
eli borges;@elidiasborges;https://twitter.com/elidiasborges
elias vaz;@EliasVazGyn;https://twitter.com/EliasVazGyn
elmar nascimento;@ElmarNascimento;https://twitter.com/ElmarNascimento
emanuel pinheiro neto;@emanuelzinhomt;https://twitter.com/emanuelzinhomt
enéias reis;@DepEneiasReis;https://twitter.com/DepEneiasReis
enio verri;@enioverri;https://twitter.com/enioverri
enrico misasi;@enricomisasi;https://twitter.com/enricomisasi
erika kokay;@erikakokay;https://twitter.com/erikakokay
eros biondini;@erosbiondini;https://twitter.com/erosbiondini
euclydes pettersen;@EuclydesPetter;https://twitter.com/EuclydesPetter
evair vieira de melo;@EvairdeMelo;https://twitter.com/EvairdeMelo
roman;@roman_evandro;https://twitter.com/roman_evandro
expedito netto;@netto_expedito;https://twitter.com/netto_expedito
fábio faria;@fabiofaria5555;https://twitter.com/fabiofaria5555
fábio henrique;@FabioHenriqueSE;https://twitter.com/FabioHenriqueSE
fábio mitidieri;@depfmitidieri;https://twitter.com/depfmitidieri
fábio ramalho;@_FabinhoRamalho;https://twitter.com/_FabinhoRamalho
fábio trad;@f_trad;https://twitter.com/f_trad
félix mendonça júnior;@FelixMendoncaJr;https://twitter.com/FelixMendoncaJr
fabio reis;@fabioreis1515;https://twitter.com/fabioreis1515
fausto pinato;@Fausto_Pinato;https://twitter.com/Fausto_Pinato
felipe carreras;@felipecarreras;https://twitter.com/felipecarreras
felipe francischini;@FFrancischini_;https://twitter.com/FFrancischini_
felipe rigoni;@rigoni_felipe;https://twitter.com/rigoni_felipe
fernanda melchionna;@fernandapsol;https://twitter.com/fernandapsol
fernando coelho filho;@FBCFilho;https://twitter.com/FBCFilho
fernando monteiro;@fmonteiroPE;https://twitter.com/fmonteiroPE
filipe barros;@filipebarrost;https://twitter.com/filipebarrost
flávia morais;@depflaviamorais;https://twitter.com/depflaviamorais
flaviano melo;@Flaviano_Melo;https://twitter.com/Flaviano_Melo
flávio nogueira;@flavionoguera;https://twitter.com/flavionoguera
flordelis;@Flordelismk;https://twitter.com/Flordelismk
francisco jr.;@franciscojr_go;https://twitter.com/franciscojr_go
franco cartafina;@FrancoCartafina;https://twitter.com/FrancoCartafina
fred costa;@FredCosta5133;https://twitter.com/FredCosta5133
frei anastacio ribeiro;@freianastaciopt;https://twitter.com/freianastaciopt
gastão vieira;@gastaodvieira;https://twitter.com/gastaodvieira
genecias noronha;@DepGenecias;https://twitter.com/DepGenecias
general girão;@GeneralGirao;https://twitter.com/GeneralGirao
general peternelli;@GenPeternelli;https://twitter.com/GenPeternelli
geninho zuliani;@geninhozuliani;https://twitter.com/geninhozuliani
geovania de sá;@geovaniadesa;https://twitter.com/geovaniadesa
gervásio maia;@gervasiomaia;https://twitter.com/gervasiomaia
giacobo;@fernandogiacobo;https://twitter.com/fernandogiacobo
gil cutrim;@gilcutrim;https://twitter.com/gilcutrim
gilberto abramo;@gilbertoabramo;https://twitter.com/gilbertoabramo
gildenemyr;@DGildenemyr;https://twitter.com/DGildenemyr
gilson marques;@gilsonmarques30;https://twitter.com/gilsonmarques30
giovani cherini;@giovanicherini;https://twitter.com/giovanicherini
giovani feltes;@GiovaniFeltes;https://twitter.com/GiovaniFeltes
glauber braga;@Glauber_Braga;https://twitter.com/Glauber_Braga
glaustin fokus;@glaustinfokus;https://twitter.com/glaustinfokus
gleisi hoffmann;@gleisi;https://twitter.com/gleisi
guiga peixoto;@zeguilherme_10;https://twitter.com/zeguilherme_10
guilherme mussi;@GuilhermeMussi;https://twitter.com/GuilhermeMussi
gurgel;@GurgelSoares;https://twitter.com/GurgelSoares
gustavo fruet;@gustavofruet;https://twitter.com/gustavofruet
gustinho ribeiro;@GustinhoRibeiro;https://twitter.com/GustinhoRibeiro
gutemberg reis;@guth_reis;https://twitter.com/guth_reis
heitor freire;@HeitorFreireCE;https://twitter.com/HeitorFreireCE
heitor schuch;@HeitorSchuch;https://twitter.com/HeitorSchuch
helder salomão;@heldersalomao;https://twitter.com/heldersalomao
helio lopes;@depheliolopes;https://twitter.com/depheliolopes
henrique fontana;@HenriqueFontana;https://twitter.com/HenriqueFontana
herculano passos;@herculanopassos;https://twitter.com/herculanopassos
hildo rocha;@hildorocha1513;https://twitter.com/hildorocha1513
hiran gonçalves;@deputadohiran;https://twitter.com/deputadohiran
hugo leal;@depHugoLeal;https://twitter.com/depHugoLeal
hugo motta;@HugoMottaPB;https://twitter.com/HugoMottaPB
idilvan alencar;@IdilvanAlencar;https://twitter.com/IdilvanAlencar
igor timo;@oficialigortimo;https://twitter.com/oficialigortimo
igor kannário;@Igor_Kannario;https://twitter.com/Igor_Kannario
iracema portella;@iracemaportela;https://twitter.com/iracemaportela
isnaldo bulhões jr.;@bulhoesjr;https://twitter.com/bulhoesjr
ivan valente;@IvanValente;https://twitter.com/IvanValente
jandira feghali;@jandira_feghali;https://twitter.com/jandira_feghali
júlio cesar;@DepJulioCesarPI;https://twitter.com/DepJulioCesarPI
júlio delgado;@depjuliodelgado;https://twitter.com/depjuliodelgado
júnior bozzella;@juniorbozzella;https://twitter.com/juniorbozzella
jaqueline cassol;@jqcassol;https://twitter.com/jqcassol
jefferson campos;@DepJefferson;https://twitter.com/DepJefferson
jerônimo goergen;@jeronimogoergen;https://twitter.com/jeronimogoergen
jhc;@JHC_40;https://twitter.com/JHC_40
jhonatan de jesus;@jhonatan_djesus;https://twitter.com/jhonatan_djesus
jesus sérgio;@joaocamposdep;https://twitter.com/joaocamposdep
joão daniel;@depjoaodanielpt;https://twitter.com/depjoaodanielpt
joão maia;@depjoaomaia;https://twitter.com/depjoaomaia
joão roma;@joaoromaneto;https://twitter.com/joaoromaneto
joaquim passarinho;@depjpassarinho;https://twitter.com/depjpassarinho
joenia wapichana;@JoeniaWapichana;https://twitter.com/JoeniaWapichana
joice hasselmann;@joicehasselmann;https://twitter.com/joicehasselmann
jorge braz;@Jorge_Braz;https://twitter.com/Jorge_Braz
jorge solla;@depjorgesolla;https://twitter.com/depjorgesolla
josé medeiros;@JoseMedeirosMT;https://twitter.com/JoseMedeirosMT
josé airton félix cirilo;@JoseAirtonPT;https://twitter.com/JoseAirtonPT
josé guimarães;@guimaraes13PT;https://twitter.com/guimaraes13PT
josé nelto;@depjosenelto;https://twitter.com/depjosenelto
josé nunes;@JoseNunesDep;https://twitter.com/JoseNunesDep
josé priante;@priante;https://twitter.com/priante
josé ricardo;@ZeRicardoAM;https://twitter.com/ZeRicardoAM
joseildo ramos;@joseildoramos;https://twitter.com/joseildoramos
josimar maranhãozinho;@josimarPR22;https://twitter.com/josimarPR22
julian lemos;@LemosFederal;https://twitter.com/LemosFederal
julio cesar ribeiro;@JulioCesarRib;https://twitter.com/JulioCesarRib
juninho do pneu;@JuninhodoPneu;https://twitter.com/JuninhodoPneu
juscelino filho;@DepJuscelino;https://twitter.com/DepJuscelino
policial katia sastre;@KatiaSastre;https://twitter.com/KatiaSastre
kim kataguiri;@kimpkat;https://twitter.com/kimpkat
léo motta;@leomotta_ofc;https://twitter.com/leomotta_ofc
lídice da mata;@lidicedamata;https://twitter.com/lidicedamata
laercio oliveira;@LaercioFederal;https://twitter.com/LaercioFederal
lafayette de andrada;@lafayetteandrad;https://twitter.com/lafayetteandrad
lauriete;@laurietecantora;https://twitter.com/laurietecantora
leônidas cristino;@joseleonidas;https://twitter.com/joseleonidas
leandre;@leandredaideal;https://twitter.com/leandredaideal
leda sadala;@LedaSadala;https://twitter.com/LedaSadala
leonardo monteiro;@depleomonteiro;https://twitter.com/depleomonteiro
leur lomanto júnior;@LeurLomantoJr;https://twitter.com/LeurLomantoJr
lincoln portela;@lincoln_portela;https://twitter.com/lincoln_portela
liziane bayer;@LizianeBayer;https://twitter.com/LizianeBayer
loester trutis;@LTrutis;https://twitter.com/LTrutis
lourival gomes;@LourivalGomesrj;https://twitter.com/LourivalGomesrj
luisa canziani;@luisa_canziani;https://twitter.com/luisa_canziani
lucas gonzalez;@lucasvgonzalez;https://twitter.com/lucasvgonzalez
lucas redecker;@LucasRedecker;https://twitter.com/LucasRedecker
lucas vergilio;@VergilioLucas77;https://twitter.com/VergilioLucas77
luciano bivar;@Bivar1717;https://twitter.com/Bivar1717
luciano ducci;@LucianoDucci;https://twitter.com/LucianoDucci
lucio mosquini;@luciomosquini;https://twitter.com/luciomosquini
luis miranda;@LuisMirandaUSA1;https://twitter.com/LuisMirandaUSA1
luis tibé;@LuisTibeOficial;https://twitter.com/LuisTibeOficial
dr. Antonio teixeira jr.;@drluizantoniojr;https://twitter.com/drluizantoniojr
luiz carlos motta;@lcm_motta;https://twitter.com/lcm_motta
luiz flávio gomes;@professorLFG;https://twitter.com/professorLFG
luiz lima;@Oficialluizlima;https://twitter.com/Oficialluizlima
luiz nishimori;@LuizNishimori;https://twitter.com/LuizNishimori
luiz philippe de orleans e bragança;@lpbragancabr;https://twitter.com/lpbragancabr
luiza erundina;@luizaerundina;https://twitter.com/luizaerundina
luizão goulart;@luizaogoulart;https://twitter.com/luizaogoulart
luizianne lins;@Luizianne13PT;https://twitter.com/Luizianne13PT
marcon;@depmarcon;https://twitter.com/depmarcon
márcio biolchi;@marciobiolchi;https://twitter.com/marciobiolchi
márcio jerry;@marciojerry;https://twitter.com/marciojerry
márcio marinho;@dpmarciomarinho;https://twitter.com/dpmarciomarinho
mário heringer;@mario_heringer;https://twitter.com/mario_heringer
mário negromonte jr.;@depnegromontejr;https://twitter.com/depnegromontejr
magda mofatto;@Magdamofatto;https://twitter.com/Magdamofatto
major fabiana;@majorfabianadep;https://twitter.com/majorfabianadep
mara rocha;@mararocha4545;https://twitter.com/mararocha4545
marília arraes;@MariliaArraes;https://twitter.com/MariliaArraes
marcel van hattem;@marcelvanhattem;https://twitter.com/marcelvanhattem
marcelo aro;@marceloaro;https://twitter.com/marceloaro
marcelo calero;@caleromarcelo;https://twitter.com/caleromarcelo
marcelo freixo;@MarceloFreixo;https://twitter.com/MarceloFreixo
marcelo nilo;@depmarcelonilo;https://twitter.com/depmarcelonilo
marcelo ramos;@marceloramosam;https://twitter.com/marceloramosam
marcio alvino;@AlvinoMarcio;https://twitter.com/AlvinoMarcio
márcio labre;@marciolabre;https://twitter.com/marciolabre
marco bertaiolli;@MarcoBertaiolli;https://twitter.com/MarcoBertaiolli
pr. marco feliciano;@marcofeliciano;https://twitter.com/marcofeliciano
marcos pereira;@marcospereira04;https://twitter.com/marcospereira04
margarete coelho;@MargaretCoelho;https://twitter.com/MargaretCoelho
margarida salomão;@JFMargarida;https://twitter.com/JFMargarida
maria do rosário;@mariadorosario;https://twitter.com/mariadorosario
maria rosas;@mariarosassp;https://twitter.com/mariarosassp
mariana carvalho;@DeputadaMariana;https://twitter.com/DeputadaMariana
marlon santos;@deputado_marlon;https://twitter.com/deputado_marlon
marreca filho;@depmarrecafilho;https://twitter.com/depmarrecafilho
marx beltrão;@marxbeltrao;https://twitter.com/marxbeltrao
maurício dziedricki;@mauricioptbrs;https://twitter.com/mauricioptbrs
mauro lopes;@depmaurolopes;https://twitter.com/depmaurolopes
milton vieira;@MiltonVieiraOfc;https://twitter.com/MiltonVieiraOfc
moses rodrigues;@DepFederalMoses;https://twitter.com/DepFederalMoses
marina santos;@natbonavides;https://twitter.com/natbonavides
nereu crispim;@nereucrispim;https://twitter.com/nereucrispim
neri geller;@NeriGeller;https://twitter.com/NeriGeller
newton cardoso jr;@newton1510;https://twitter.com/newton1510
nicoletti;@depnicoletti;https://twitter.com/depnicoletti
nilson pinto;@DepNilsonPinto;https://twitter.com/DepNilsonPinto
nilto tatto;@NiltoTatto;https://twitter.com/NiltoTatto
nivaldo albuquerque;@NivaldoAlbuque;https://twitter.com/NivaldoAlbuque
odair cunha;@odaircunhamg;https://twitter.com/odaircunhamg
olival marques;@OLIVALMARQUES;https://twitter.com/OLIVALMARQUES
onyx lorenzoni;@Onyxlorenzoni;https://twitter.com/onyxlorenzoni
orlando silva;@orlandosilva;https://twitter.com/orlandosilva
osires damaso;@OrDamaso;https://twitter.com/OrDamaso
ossesio silva;@Ossesio_Silva;https://twitter.com/Ossesio_Silva
otoni de paula;@OtoniDepFederal;https://twitter.com/OtoniDepFederal
otto alencar filho;@ottoalencar;https://twitter.com/ottoalencar
padre joão;@dep_padrejoao;https://twitter.com/dep_padrejoao
pastor sargento isidório;@prisidorio;https://twitter.com/prisidorio
patrus ananias;@Patrus_Ananias;https://twitter.com/Patrus_Ananias
paula belmonte;@paulambelmonte;https://twitter.com/paulambelmonte
paulão;@paulaodopt;https://twitter.com/paulaodopt
paulo pereira da silva;@dep_paulinho;https://twitter.com/dep_paulinho
paulo abi-ackel;@pauloabiackel;https://twitter.com/pauloabiackel
paulo azi;@PauloAzi;https://twitter.com/PauloAzi
paulo bengtson;@PauloBengtson;https://twitter.com/PauloBengtson
paulo eduardo martins;@PauloMartins10;https://twitter.com/PauloMartins10
paulo ganime;@pauloganime;https://twitter.com/pauloganime
paulo guedes;@deppauloguedes;https://twitter.com/deppauloguedes
paulo pimenta;@DeputadoFederal;https://twitter.com/DeputadoFederal
paulo ramos;@pauloramosdep;https://twitter.com/pauloramosdep
paulo teixeira;@pauloteixeira13;https://twitter.com/pauloteixeira13
pedro augusto bezerra;@PedroAugusto_CE;https://twitter.com/PedroAugusto_CE
pedro cunha lima;@pedroocl;https://twitter.com/pedroocl
pedro lucas fernandes;@depPedroLucasF;https://twitter.com/depPedroLucasF
pedro lupion;@Dep_PedroLupion;https://twitter.com/Dep_PedroLupion
pedro paulo;@pedropaulo;https://twitter.com/pedropaulo
pedro uczai;@uczai;https://twitter.com/uczai
pedro westphalen;@pedrowestphalen;https://twitter.com/pedrowestphalen
nelson pellegrino;@nelsonpelegrino;https://twitter.com/nelsonpelegrino
rogério peninha mendonça;@deputadopeninha;https://twitter.com/deputadopeninha
perpétua almeida;@perpetua_acre;https://twitter.com/perpetua_acre
pinheirinho;@pinheirinhomg;https://twitter.com/pinheirinhomg
pompeo de mattos;@PompeodeMattos;https://twitter.com/PompeodeMattos
paulo freire costa;@DF_PauloFreire;https://twitter.com/DF_PauloFreire
professora marcivania;@marcivania65;https://twitter.com/marcivania65
professor israel batista;@ProfIsrael;https://twitter.com/ProfIsrael
professor joziel;@professorjoziel;https://twitter.com/professorjoziel
professora dayane pimentel;@deppimentel;https://twitter.com/deppimentel
professora dorinha seabra rezende;@profdorinha;https://twitter.com/profdorinha
rafael motta;@RafaelMottaRN;https://twitter.com/RafaelMottaRN
raul henry;@RaulHenry;https://twitter.com/RaulHenry
reginaldo lopes;@ReginaldoLopes;https://twitter.com/ReginaldoLopes
reinhold stephanes junior;@StephanesJr;https://twitter.com/StephanesJr
rejane dias;@rejane_dias;https://twitter.com/rejane_dias
renata abreu;@RenataAbreu1919;https://twitter.com/RenataAbreu1919
renildo calheiros;@renildo;https://twitter.com/renildo
ricardo barros;@RicardoBarrosPP;https://twitter.com/RicardoBarrosPP
ricardo izar;@RicardoIzar;https://twitter.com/RicardoIzar
ricardo teobaldo;@PSDBricardo45;https://twitter.com/PSDBricardo45
ricardo guidi;@ricardozguidi;https://twitter.com/ricardozguidi
roberto alves;@RobertoAlvesPRB;https://twitter.com/RobertoAlvesPRB
roberto de lucena;@robertodelucena;https://twitter.com/robertodelucena
roberto pessoa;@RobertoPessoaCE;https://twitter.com/RobertoPessoaCE
rodrigo agostinho;@rodrigoagost;https://twitter.com/rodrigoagost
rodrigo coelho;@coelho_rodrigo;https://twitter.com/coelho_rodrigo
rodrigo de castro;@RodrigoCastro45;https://twitter.com/RodrigoCastro45
rodrigo maia;@RodrigoMaia;https://twitter.com/RodrigoMaia
rogério correia;@RogerioCorreia_;https://twitter.com/RogerioCorreia_
santini;@dep_santini;https://twitter.com/dep_santini
ronaldo carletto;@ronaldocarletto;https://twitter.com/ronaldocarletto
professora rosa neide;@prof_rosaneide;https://twitter.com/prof_rosaneide
rosana valle;@DepRosanaValle;https://twitter.com/DepRosanaValle
rosangela gomes;@rosangelasgomes;https://twitter.com/rosangelasgomes
rose modesto;@rosemodestoms;https://twitter.com/rosemodestoms
rubens bueno;@23rubensbueno;https://twitter.com/23rubensbueno
rubens otoni;@RubensOtoni;https://twitter.com/RubensOtoni
rui falcão;@rfalcao13;https://twitter.com/rfalcao13
ruy carneiro;@depruycarneiro;https://twitter.com/depruycarneiro
sergio souza;@_sergiosouza;https://twitter.com/_sergiosouza
sergio toledo;@depsergiotoledo;https://twitter.com/depsergiotoledo
sâmia bomfim;@samiabomfim;https://twitter.com/samiabomfim
sóstenes cavalcante;@DepSostenes;https://twitter.com/DepSostenes
Samuel Moreira;@samuelmoreira;https://twitter.com/samuelmoreira
sanderson;@DepSanderson;https://twitter.com/DepSanderson
sargento fahur;@SargentoFAHUR;https://twitter.com/SargentoFAHUR
schiavinato;@Schiavinato_;https://twitter.com/Schiavinato_
sebastião oliveira;@SebaOliveirajr;https://twitter.com/SebaOliveirajr
sergio vidigal;@vidigalsergio;https://twitter.com/vidigalsergio
shéridan;@DepSheridan;https://twitter.com/DepSheridan
sidney leite;@sidneyleite_;https://twitter.com/sidneyleite_
silas câmara;@silascamara_;https://twitter.com/silascamara_
silvio costa filho;@Silvio_CFilho;https://twitter.com/Silvio_CFilho
soraya santos;@sorayasantos;https://twitter.com/sorayasantos
stefano aguiar;@depstefano;https://twitter.com/depstefano
subtenente gonzaga;@SubGonzagaMG;https://twitter.com/SubGonzagaMG
tabata amaral;@tabataamaralsp;https://twitter.com/tabataamaralsp
talíria petrone;@taliriapetrone;https://twitter.com/taliriapetrone
túlio gadêlha;@tuliogadelha;https://twitter.com/tuliogadelha
tiago dimas;@tiago_dimas;https://twitter.com/tiago_dimas
tiago mitraud;@TiagoMitraud;https://twitter.com/TiagoMitraud
tiririca;@tiriricanaweb;https://twitter.com/tiriricanaweb
toninho wandscheer;@deputadotoninho;https://twitter.com/deputadotoninho
vaidon oliveira;@VaidonOliveira;https://twitter.com/VaidonOliveira
valdevan noventa;@ValdevanNoventa;https://twitter.com/ValdevanNoventa
valmir assunção;@DepValmir;https://twitter.com/DepValmir
vander loubet;@vanderloubet;https://twitter.com/vanderloubet
vanderlei macris;@vanderleimacris;https://twitter.com/vanderleimacris
vavá martins;@vavamartinspa;https://twitter.com/vavamartinspa
tereza nelma;@TerezaNelma_;https://twitter.com/TerezaNelma_
vicentinho júnior;@vicentinhojr;https://twitter.com/vicentinhojr
vicentinho;@VICENTINHOPT;https://twitter.com/VICENTINHOPT
vinicius farah;@Vinicius_Farah;https://twitter.com/Vinicius_Farah
vinicius poit;@ViniciusPoit;https://twitter.com/ViniciusPoit
vitor hugo;@MajorVitorHugo;https://twitter.com/MajorVitorHugo
vitor lippi;@DepVitorLippi;https://twitter.com/DepVitorLippi
waldenor pereira;@waldenorpereira;https://twitter.com/waldenorpereira
walter alves;@walteralvesrn;https://twitter.com/walteralvesrn
weliton prado;@pradoweliton;https://twitter.com/pradoweliton
vilson da fetaemg;@wr22;https://twitter.com/wr22
wilson santiago;@WilsonSantiago_;https://twitter.com/WilsonSantiago_
wladimir garotinho;@WladGarotinho;https://twitter.com/WladGarotinho
wolney queiroz;@WolneyQueirozM;https://twitter.com/WolneyQueirozM
zé carlos;@Dep_ZeCarlosPT;https://twitter.com/Dep_ZeCarlosPT
jose mario schreiner;@ZeMarioGO;https://twitter.com/ZeMarioGO
zé neto;@depzeneto;https://twitter.com/depzeneto
zé silva;@ZeSilva_;https://twitter.com/ZeSilva_
zeca dirceu;@zeca_dirceu;https://twitter.com/zeca_dirceu
;;
;;
;;
;;
;;
;;
;;
;;
;;
;;
;;
;;
;;
;;
;;
;;
;;
;;
;;
;;
;;
;;
;;
;;
;;
;;
;;
;;
;;
;;
;;
;;
;;
;;
;;
;;
;;
;;
;;
;;
;;
;;
;;
;;
;;
;;
;;
;;
;;
;;
;;
;;
;;
;;
;;
;;
;;
;;
;;
;;
;;
;;
;;
;;
;;
;;
;;
;;
;;
;;
;;
;;
;;
;;
;;
;;
;;
;;
;;
;;
;;
;;
;;
;;
;;
;;
;;
;;
;;
;;
;;
;;
;;
;;
;;
;;
;;
;;
;;
;;
;;
